DISTRICT,Jan-Feb,Mar-May,Jun-Sep,Oct-Dec
NICOBAR,165.2,540.7,1207.2,892.1
SOUTH ANDAMAN,69.7,483.5,1757.2,705.3
N & M ANDAMAN,48.6,405.6,1884.4,574.7
LOHIT,123,841.3,1848.5,231
EAST SIANG,112.8,645.4,3008.4,268.1
SUBANSIRI F.D,76.3,327.3,788.4,108.4
TIRAP,114.9,786.6,2385.5,284.5
ANJAW (LOHIT),123,841.3,1848.5,231
LOWER DIBANG,237.6,955.1,1073.4,287.2
CHANGLANG,241.2,1256.5,1632.1,414.1
PAPUM PARE,101.3,786,2245.7,245.2
LOW SUBANSIRI,206.8,562.9,996.2,155.2
UPPER SIANG,251,1168.8,2558.8,423.5
WEST SIANG,92.7,545.5,1612.5,190
DIBANG VALLEY,237.6,955.1,1073.4,287.2
WEST KAMENG,78.7,534.3,2485.2,301.2
EAST KAMENG,123.4,461.4,1246.3,199.8
TAWANG(W KAME,78.7,534.3,2485.2,301.2
KURUNG KUMEY,152.7,645.3,1256.5,167
CACHAR,63.5,817.2,1889.9,228.6
DARRANG,34.5,542.3,1259.1,121.9
GOALPARA,33.1,647.5,1710.1,184.6
KAMRUP,32.8,503.7,1147.7,129.2
LAKHIMPUR,76.3,574.1,2025.2,183.7
NORTH CACHAR,64.2,674.8,988.8,249.7
NAGAON,34.5,348.3,1124.9,152.4
SIVASAGAR,53.3,461.9,1169.5,126.9
BARPETA,37.2,621.2,2441,175.2
DHUBRI,22,585.7,1916.5,178.4
DIBRUGARH,83.7,642.1,1651.4,179.4
JORHAT,58.9,562.1,1299.1,162.9
KARIMGANJ,48.4,1114.1,2147.9,340.4
KOKRAJHAR,38.8,723.3,2826.4,183.7
SHONITPUR,42.5,478.4,1314.4,143.2
GOLAGHAT,46.4,446.7,1049.6,138
TINSUKIA,85,619.8,1617.8,162.7
HAILAKANDI,49.3,779,1621.1,196.2
DHEMAJI(LAKHI,76.3,574.1,2025.2,183.7
KARBI ANGLONG,36.9,299.5,867,137.6
UDALGURI(DARA,34.5,542.3,1259.1,121.9
KAMRUP METROP,32.8,503.7,1147.7,129.2
CHIRANG(BONGAI,41.2,682.9,2296.1,198.5
BAKSA BARPETA,37.2,621.2,2441,175.2
BONGAIGAON,41.2,682.9,2296.1,198.5
MORIGAON,43.1,337.5,1215.5,147.4
NALBARI,33.5,622,1564.3,136.8
EAST KHASI HI,39.5,1175.9,4621.8,328.9
JAINTIA HILLS,77.9,996.2,4667.5,638.3
EAST GARO HIL,21.6,660.6,1671.5,200.7
RI-BHOI,31.3,446.2,1479.5,159.9
SOUTH GARO HI,17.5,579.6,1681.5,181.2
W KHASI HILL,50.8,574.1,2775,243.1
WEST GARO HIL,17.5,579.6,1681.5,181.2
IMPHAL EAST,47.8,438.9,1164.2,188.3
SENAPATI,43.2,370.6,1281,227.8
TAMENGLONG,278.1,1195.9,5228,527.3
CHANDEL,36.4,293.2,2007.1,310.8
UKHRUL,50.6,255.7,1057.5,185.2
THOUBAL,41.5,279.4,833.6,131.8
BISHNUPUR,104.5,379.8,1334.3,308.9
IMPHAL WEST,53.3,307.5,971.8,198.3
CHURACHANDPUR,44.1,498,1560.6,234.7
AIZAWL,45,645.1,1788,336.3
CHAMPHAI,35.2,467.2,1352.5,313.7
KOLASIB,53.4,631.5,1692.5,282.6
LUNGLEI,27.3,517.6,1866.3,319.9
CHHIMTUIPUI,45,645.1,1788,336.3
LAWNGTLAI,35.8,509.4,1705.7,306.7
MAMIT,45,645.1,1788,336.3
SAIHA,37.7,521.8,1622.6,298.5
SERCHHIP,49.2,548.8,1650.4,257.4
KOHIMA,41.1,307.6,1308,168.1
TUENSANG,50.5,468.6,1386.1,174.8
MOKOKCHUNG,54.5,486.3,1676.1,192.9
DIMAPUR,18.8,286.8,815.3,185
WOKHA,62.5,566.6,1668.7,199.9
MON,46.6,380,823.9,89.4
ZUNHEBOTO,50.5,468.6,1386.1,174.8
PHEK,41.1,307.6,1308,168.1
KEPHRIE,50.5,468.6,1386.1,174.8
LONGLENG,50.5,468.6,1386.1,174.8
PEREN,41.1,307.6,1308,168.1
NORTH TRIPURA,50.8,831.3,1527.7,232
SOUTH TRIPURA,38.7,583.2,1624.2,229.3
WEST TRIPURA,37.5,626.2,1396.3,226.7
DHALAI,52.5,783.1,1440.7,236.3
COOCH BEHAR,24.9,516.5,2737.6,164.7
DARJEELING,82.1,450.5,2440.3,145.6
JALPAIGURI,27,498.3,2757.9,185.1
MALDA,24.1,155.5,1117.3,122.5
SOUTH DINAJPUR,22.2,245.7,1185.9,131.1
NORTH DINAJPUR,23.5,206.6,1394.5,103
NORTH SIKKIM,160.1,793.2,1810.3,330.9
EAST SIKKIM,89.6,528.9,1771.2,192.5
WEST SIKKIM,160.1,793.2,1810.3,330.9
SOUTH SIKKIM,89.6,528.9,1771.2,192.5
BANKURA,30,125.2,1051.2,124.5
BIRBHUM,29.5,130.8,1106,126.5
BURDWAN,32.9,136.4,1028.7,117.2
HOOGHLY,38.5,187.3,1067.9,125
HOWRAH,37.1,211,1211.4,140.5
PURULIA,35,118,1094.5,115.8
MURSHIDABAD,28,140,1079.3,143.8
NADIA,29.8,158.4,955,118.4
NORTH 24 PARG,33.4,195.2,1172.8,158.4
SOUTH 24 PARG,40.3,204.7,1552.6,290.4
EAST MIDNAPOR,34.5,174.6,1220.3,240.2
WEST MIDNAPOR,36.3,203.4,1166.1,129.7
KOLKATA,39.1,200,1281.1,189
BALASORE,47.9,218.5,1177.1,235.5
BOLANGIR,27,80.3,1174.1,89.4
KANDHAMAL/PHU,38.9,134.2,1122.3,152.9
CUTTACK,41.6,146.4,1162.5,169.2
DHENKANAL,28.1,140.9,1144.4,155.6
GANJAM,36,157.1,833.4,278
KALAHANDI,19.8,85.1,1207.6,90.5
KEONDJHARGARH,48,188.4,1056.5,143.8
KORAPUT,17.5,158.9,1262.8,183.3
MAYURBHANJ,36.6,219.5,1255.9,148.7
PURI,41.9,101.8,1021.5,251
SAMBALPUR,32,68.1,1361.1,72.3
SUNDARGARH,35.6,72,1175.9,64.3
BHADRAK,44,194.6,1069.9,198.9
JAJPUR,39,173.4,1154.8,174.1
KENDRAPARA,41,155.5,1088.5,255.6
ANGUL,26,110.2,1109.4,116.4
NAWAPARA,24.3,74.8,1017.2,81.1
MALKANGIRI,7.3,107.3,1324.1,134
NAWARANGPUR,18.5,172.4,1347.3,122.3
NAYAGARH,36.1,115.9,1095.2,202.9
KHURDA,36,125.8,1088,219.7
BARGARH,23.6,52.4,1125.8,63.1
JHARSUGUDA,37.8,73.6,1281.8,81.1
DEOGARH,32,68.1,1361.1,72.3
RAYAGADA,35.5,188.5,960.5,142.4
GAJAPATI,44.5,280.1,930.3,207.2
JAGATSINGHAPU,39.7,183.7,1120.8,220.8
BOUDHGARH,38.9,134.2,1122.3,152.9
SONEPUR,20.3,63.2,1243.4,68.5
BOKARO,25.5,75.5,1048.2,98.3
DHANBAD,29.4,87.3,1122.3,116.2
DUMKA,29.9,112.3,1096.9,142.4
HAZARIBAG,29.4,62,1005.9,98.7
PALAMU,30.1,33,974.5,58.3
RANCHI,48.7,93.6,1160.2,100.7
SAHIBGANJ,19.2,119.8,1299.3,115.4
WEST SINGHBHUM,34.7,103.7,1088.4,78.8
DEOGHAR,25.5,71.1,976.2,89.3
GIRIDIH,21.4,72.3,1065,94
GODDA,21.4,86,943.2,93.8
GUMLA,42.6,91.7,1197,90
LOHARDAGA,35,77.9,1005,79.2
CHATRA,37.9,34.8,1031.3,67.9
KODERMA,33.1,51.5,929.6,102
PAKUR,27.4,135.5,1286.2,163.3
EAST SINGHBHU,33.1,115.9,1057.6,86.1
GARHWA,25.6,27.9,927.8,60.5
SERAIKELA-KHA,39.1,97.5,1135.5,87.5
JAMTARA,35.1,101.2,1193.8,145.9
LATEHAR,35.2,52.1,1021.8,82.4
SIMDEGA,38,74.4,1383.1,77.6
KHUNTI(RANCHI,47,87,1251.1,97.7
RAMGARH,27.5,81.3,1053.8,85.7
BHAGALPUR,28.2,98.9,977.3,103.5
EAST CHAMPARAN,22.4,70.1,1021.6,83.6
DARBHANGA,25.5,93.5,924.6,80
GAYA,25.5,32.8,878.7,66.9
MUNGER,19.9,69.2,974,83.7
MUZAFFARPUR,22.3,74.6,981.1,76.5
WEST CHAMPARAN,29.4,87.4,1275,80.2
PURNEA,18.1,168.2,1313.3,98.6
GOPALGANJ,25.4,51.1,989.9,69.1
MADHUBANI,20.6,119.4,1059.5,93.8
AURANGABAD,29.3,27.9,859.6,58.1
BEGUSARAI,16.5,79.4,921.6,73.2
BHOJPUR,25.9,42.1,924.4,59.1
NALANDA,20.8,43.1,876.8,61.5
PATNA,22.4,44.1,941.3,67
KATIHAR,19.7,129.8,1109.9,83.3
KHAGARIA,13.7,69.4,1057.7,93.1
SARAN,25.7,53.4,973.5,71.2
MADHEPURA,21.4,126.4,1153.5,91.4
NAWADA,22.5,49.3,896.6,73.4
ROHTAS,25.8,28.9,834.5,59.9
SAMASTIPUR,23.2,68.8,1025.2,75.1
SITAMARHI,18.2,107,1084.4,83.5
SIWAN,27.7,46.8,1004.2,56.7
VAISHALI,23.7,48.6,1021.6,82.6
JAHANABAD,20.4,43.2,820.4,52.6
BUXAR,20.8,28.1,861.2,65.3
ARARIA,21.8,166.7,1347,96.7
BANKA,19.4,73.3,865.9,95.9
BHABUA,42.8,34.1,995.1,54.3
JAMUI,18.3,53.5,951.8,83.7
KISHANGANJ,18.4,224.9,1755.5,91.8
SHEIKHPURA,21.9,51.4,865.7,69.4
SUPAUL,16.3,119,1055.6,82.9
LAKHISARAI,19.9,69.2,974,83.7
SHEOHAR,18.2,107,1084.4,83.5
ARWAL,22.7,19.6,789.7,42.4
SAHARSA,17,159.5,1408.1,108.3
ALLAHABAD,27.5,17.8,808.7,48.6
AZAMGARH,22.8,30.4,952.7,52.4
BAHRAICH,36.8,54.4,993.8,63.6
BALLIA,19.2,32.2,827.2,49.6
BANDA,29.2,22.9,840.4,50.7
BARABANKI,31.3,31.7,930.5,61.9
BASTI,25.8,37.1,943.6,56.2
DEORIA,31.5,41.9,950.9,62.7
FAIZABAD,31.1,30.5,989.7,62.7
FARRUKHABAD,26.2,25.8,743.4,57.9
FATEHPUR,30,20.5,812.5,52.2
GHAZIPUR,25.1,26.6,883,61.1
GONDA,26.3,36.9,1027.2,69.7
GORAKHPUR,29.8,49.6,1175.5,83.4
HARDOI,31.3,32.2,787.9,66.8
JAUNPUR,25.6,23.3,874.1,45.1
KANPUR NAGAR,28.7,16.3,696.8,64.6
KHERI LAKHIMP,37.6,47.4,926.1,74.2
LUCKNOW,30.4,23.6,772.5,58.8
MIRZAPUR,30.6,24.1,901.1,47.4
PRATAPGARH,25.1,19.1,851.8,47.6
RAE BARELI,23.3,16.4,750.3,63
SITAPUR,30.6,35.6,864.8,72.3
SULTANPUR,21.9,27.9,840.7,54
UNNAO,30,21.3,790.3,65.6
VARANASI,32.9,26,923.5,55.2
SONBHADRA,32,28.5,916.9,47.7
MAHARAJGANJ,27.4,64.8,1214.1,82.8
MAU,24.8,33.9,1004.7,57.9
SIDDHARTH NGR,25.9,37.1,1009.9,72.8
KUSHINAGAR,25.4,59.7,1158.4,83.1
AMBEDKAR NAGAR,25.8,32.6,904.8,50.1
KANNAUJ,27,28.9,776.7,69.7
BALRAMPUR,35.7,56.1,1071.7,84.4
KAUSHAMBI,27.2,18.9,765.6,50
SAHUJI MAHARA,29.3,20.2,885.9,50.9
KANPUR DEHAT,24.9,14.5,765,52.8
CHANDAULI,30.6,27.2,846.1,45.7
SANT KABIR NGR,24.9,36.4,990.7,58.6
SANT RAVIDAS,30.6,27.2,846.1,45.7
SHRAVASTI NGR,36.8,54.4,993.8,63.6
AGRA,27.4,22.2,687.2,37.8
ALIGARH,32.1,33.4,655.7,49.8
BAREILLY,39.2,36.9,853.8,66.7
BIJNOR,59.2,51.4,914.2,58.3
BADAUN,29.5,29.9,758,67.4
BULANDSHAHAR,29.4,31,670.7,47.9
ETAH,25,25.9,615.3,48.2
ETAWAH,25.6,22.2,728,53.8
HAMIRPUR,27.6,14.1,796.9,43.2
JALAUN,24.7,15.8,774.9,56.1
JHANSI,24.6,18.7,837.9,50.3
LALITPUR,30.4,16.7,939.3,48.2
MAINPURI,21.3,21.8,655.3,50
MATHURA,20.5,23.5,579.9,32
MEERUT,41.5,39.8,778.5,58.2
MORADABAD,44.3,33.5,855.2,59.9
MUZAFFARNAGAR,44.6,34.6,736.8,53.1
PILIBHIT,37.8,43.1,988.6,85.9
RAMPUR,44.2,48.8,915.5,49.1
SAHARANPUR,53.4,48.2,804.6,57.7
SHAHJAHANPUR,34.4,38,859.2,79.2
GHAZIABAD,37.9,36.6,641.7,50.1
FIROZABAD,24.2,21.6,676.3,43.4
MAHOBA,28,13.4,776.4,35.3
MAHAMAYA NAGA,21.9,25.1,625.4,38.4
AURAIYA,30,21.7,700,60.2
BAGPAT,33.6,33.7,545.3,33.5
JYOTIBA PHULE,38.5,34.2,783,61.7
GAUTAM BUDDHA,28.5,23.4,572.8,44.6
KANSHIRAM NAG,26,29,701.5,61.9
ALMORA,93,119.6,858.4,86.3
CHAMOLI,135.2,194.2,859.3,78.3
DEHRADUN,101,124.8,1802.1,96
GARHWAL PAURI,76.3,93.2,1213.5,81
NAINITAL,87,113,1439.1,104.6
PITHORAGARH,107.7,205.3,1687.9,97.1
GARHWAL TEHRI,106.8,143.9,1047.1,87.2
UTTARKASHI,143.7,235.5,1148.6,97.9
HARIDWAR,68.9,64.4,961.9,48.7
CHAMPAWAT,82.8,113.1,1319.7,108.3
RUDRAPRAYAG,148.9,234.2,1671.1,96.7
UDHAM SINGH N,49,57.6,1119.9,87.4
BAGESHWAR,93,119.6,858.4,86.3
AMBALA,70.5,53.5,916.6,64.1
GURGAON,21.9,27.3,472.3,22.5
HISAR,23.2,31.6,325.1,21.5
JIND,35.1,32.7,415.6,25.7
KARNAL,51.7,41.4,577,44.3
MAHENDRAGARH,22.7,33.6,395.4,24.5
ROHTAK,36.1,46.8,508,27.1
BHIWANI,25,24.8,348.5,21.2
FARIDABAD,28.8,37.2,600.2,31.4
KURUKSHETRA,48.1,41.5,563,38.8
SIRSA,22.6,27.7,242.1,21.1
SONEPAT(RTK),35,40.7,534.3,34.2
YAMUNANAGAR,77.4,73.4,892.1,64.1
KAITHAL,32.9,26.6,384,23
PANIPAT,36.4,32,521.7,34
REWARI,17.8,18.1,435.8,20.5
FATEHABAD,27.7,32.9,283,21
JHAJJAR,24.9,27.8,417.3,19
PANCHKULA,81,67.2,950.4,49.6
MEWAT,19,21.3,501.8,29.9
PALWAL(FRD),17,17.9,446.9,26.3
CHANDIGARH,83.2,78.1,844.2,65.1
NEW DELHI,32.7,43.5,636.2,34.7
CENTRAL DELHI,32.7,43.5,636.2,34.7
EAST DELHI,32.7,43.5,636.2,34.7
NORTH DELHI,32.7,43.5,636.2,34.7
NE DELHI,32.7,43.5,636.2,34.7
SW DELHI,32.7,43.5,636.2,34.7
NW DELHI,32.7,43.5,636.2,34.7
SOUTH DELHI,32.7,43.5,636.2,34.7
WEST DELHI,32.7,43.5,636.2,34.7
AMRITSAR,59.4,73.4,537.6,51.3
BATHINDA,28.9,30.7,321,27.3
FEROZEPUR,30.2,46,352.3,27.1
GURDASPUR,109.9,100.8,827.8,74
HOSHIARPUR,78.2,76.2,717.9,60.8
JALANDHAR,57.2,64.6,551.5,45.8
KAPURTHALA,48.6,49.4,422.6,47.4
LUDHIANA,50.4,55.2,534.2,45.8
PATIALA,51.4,45.5,615.2,39.9
RUPNAGAR,80.5,91.5,728.5,56
SANGRUR,37.6,45,436.8,38
FARIDKOT,30.4,39,325.1,21.1
MOGA,34.7,40.4,354,31.5
NAWANSHAHR,78.7,73.7,788.6,64.6
FATEHGARH SAH,46.7,46.3,547.1,43
MUKTSAR,29.4,36.1,311.8,22.2
MANSA,30.7,27.4,334.8,26.9
BARNALA,31.6,31.1,355.6,31.1
SAS NAGAR(MGA),58.1,67.9,644.5,48.2
TARN TARAN,36.3,44.3,336.8,31.8
BILASPUR,129.3,121.2,877,69.7
CHAMBA,239,224.9,1406.4,126.8
KANGRA,163.2,169.9,1582.1,104.6
KINNAUR,209.9,260.7,264.2,101.6
KULLU,183.9,286.8,519.7,97.7
LAHUL & SPITI,269.9,377.2,458.2,143.5
MANDI,138.6,194.3,1093.4,80.6
HAMIRPUR,134.4,128.9,1078.9,86
SHIMLA,139.4,193.3,633.9,74.8
SIRMAUR,111.7,94.7,1324.6,87.3
SOLAN,137.8,139.3,1000.1,89
UNA,91.4,84.9,862.7,71.7
ANANTNAG,183.9,367.2,285.1,133.4
BARAMULLA,273.1,446.9,247.7,164.3
DODA,281.2,441.4,441.4,171.5
JAMMU,122.9,146,860.5,81.9
KATHUA,144.7,77.9,982,63.6
LADAKH (LEH),15.4,24.8,39.6,14.8
UDHAMPUR,228.8,240.2,1377.2,127.7
BADGAM,122.5,274.2,186.4,88.6
KUPWARA,213.4,495,253.2,171.1
PULWAMA,90.7,207.5,151.4,55
SRINAGAR,125.5,258.8,184.3,105
KARGIL,51.2,66.8,49.7,55.6
POONCH,263.1,327.1,760.5,123.4
RAJOURI,126,111.7,649.5,70
BANDIPORE,162,272.5,168.6,97.3
GANDERWAL,125.5,258.8,184.3,105
KULGAM/(ANT),146.5,369.6,268.9,93.9
SHOPAN,121.4,331.2,265.7,100.4
SAMBA,122.9,146,860.5,81.9
KISTWAR,281.2,441.4,441.4,171.5
REASI,194.5,168.1,1322.6,111.3
RAMBAN(DDA),335.3,409.5,400.6,183
BARMER,2.9,14.6,243.4,7.7
BIKANER,11.9,24.1,228.7,9.3
CHURU,13.6,27.6,313.7,14.7
SRI GANGANAGA,14,27.9,201.4,9.6
JAISALMER,4.6,12.6,158.4,5.6
JALORE,2.9,12.2,394.2,17.8
JODHPUR,6,19,274.5,8.6
NAGAUR,9.6,22.7,348.5,13.3
PALI,6.2,15.1,446.7,17.7
HANUMANGARH,16.1,23.6,252.5,9.4
AJMER,5.7,13.2,429.6,13.7
ALWAR,19.8,26.9,555.3,28.9
BANSWARA,3.3,7.7,831.8,40.2
BHARATPUR,18.2,20.3,557.6,25
BHILWARA,8.6,17.3,580.9,23.4
BUNDI,8.9,12.2,655.9,28.6
CHITTORGARH,5.8,16.1,709.7,33.7
DUNGARPUR,2.3,7.6,637.8,30.1
JAIPUR,14.2,21.3,524.6,17.1
JHALAWAR,9.1,11.8,855.1,44.2
JHUNJHUNU,16.8,32,410,22.2
KOTA,10,12.6,746.3,39
SAWAI MADHOPUR,13.7,15.6,664,27.7
SIKAR,15.5,28,402.5,17.8
SIROHI,5.6,16,868.6,23.2
TONK,10.3,15.8,566,21.8
UDAIPUR,4.8,14.7,591.3,28.9
DHOLPUR,18.1,18.1,650,35.9
BARAN,10.3,11,792.2,39.2
DAUSA,15.7,21.1,612.1,25.9
RAJSAMAND,6.2,18.6,506,23.7
KARAULI,16.8,15.8,637.4,26.2
PRATAPGARH(CHT,4.8,12.5,845.8,52.2
BETUL,16,21.6,918.5,72.7
VIDISHA,22.2,10.9,1005,46.7
BHIND,17.5,10.1,685.5,50.3
DATIA,17.6,15,775.8,51.8
DEWAS,11.5,11.3,949.8,58.8
DHAR,4.3,6.3,826.8,48.7
GUNA,19.2,17.6,943,48.5
GWALIOR,23.1,17.4,790.6,54.8
HOSHANGABAD,20.1,20.4,1289.1,62.6
INDORE,8.2,11.3,839.7,58.1
JHABUA,2.9,9.6,745.3,55
MANDSAUR,6.7,11.3,780,52.1
MORENA,19.2,14.4,708.2,35.2
KHANDWA,11.4,17.5,850.8,60.3
KHARGONE,7.8,10.6,758.5,50
RAISEN,19.6,14.6,1114.8,51.5
RAJGARH,14,11.8,890.2,50.7
RATLAM,6.6,9.2,871.3,60.7
SEHORE,15.8,12.4,1067.5,56.9
SHAJAPUR,13.5,12.4,873.9,49.6
SHIVPURI,19.8,12.8,779.8,47
UJJAIN,8.5,8.2,833.7,55.3
BHOPAL,18.8,18.7,998.6,51.6
HARDA,15.2,10.4,1042.3,60.4
NEEMUCH,7.3,12.1,747.4,47
SHEOPUR,13.1,13.3,727.4,38.1
BARWANI,3.7,10,635.4,52.1
ASHOKNAGAR(GNA,13.7,5.5,865.1,42.4
BURHANPUR,7.1,25,784.2,72.8
ALIRAJPUR(JBA),6.1,11.7,799,46.8
BALAGHAT,36.2,28.9,1334.6,81.9
CHHATARPUR,30.2,14.4,985,51.8
CHHINDWARA,32.2,34.1,882.8,72.5
JABALPUR,29.6,22.7,1090.3,49.8
MANDLA,47.3,39.9,1245.8,64
NARSINGHPUR,21.4,13.8,1067.1,44.1
PANNA,37.3,15.3,1072.1,47
REWA,31.9,18.1,971.7,46.8
SAGAR,30,19.2,1088.1,54.9
SATNA,38.8,17.9,953.2,46.2
SEONI,37.1,42.1,1038.4,74.2
SHAHDOL,42.6,25.8,994.7,46.8
SIDHI,35.4,24.4,1016.4,50.8
TIKAMGARH,27.2,11.2,853.2,46.9
KATNI,33.6,14.6,1051.3,41.6
DINDORI,39,27.9,1205.9,63.9
UMARIA,48.2,31.5,1093.9,62.1
DAMOH,36.7,21.8,1071,51.1
ANUPPUR(SHAHD,54.3,55.1,1174.8,70.3
SINGRAULI,23,16,832.3,49.9
AHMEDABAD,1.1,7.1,602.6,29.1
BANASKANTHA,2.7,7,563.5,25.2
BARODA,1.2,5.9,942.8,42.3
BHARUCH,0.4,5.8,786.2,32.5
VALSAD,0.8,6.8,1951.3,62.8
DANGS,2.5,17.3,1961.7,81.5
KHEDA,1.6,6.2,811.6,30.7
MEHSANA,1.9,7.7,655.7,27.4
PANCHMAHALS,1.1,7,912.1,39.1
SABARKANTHA,1.7,8.2,778.7,27.7
SURAT,0.1,6.4,1253.6,44.6
GANDHINAGAR,1.5,7.9,715.6,27.7
NARMADA(BRC),0.5,7.3,1099.8,36.1
NAVSARI(VSD),0.7,8,1803.3,54.4
ANAND(KHR),1.5,5.7,788.9,38.5
PATAN(MHSN),2,5.6,513.9,18.1
DAHOD(PNML),2,6.8,853.3,41.5
TAPI(SRT),0,9,1484.9,42.1
AMRELI,0.8,4.8,518.2,43.5
BHAVNAGAR,0.8,4.2,537.7,35.6
JAMNAGAR,1.6,4.5,462.4,29.5
JUNAGADH,0.9,1.6,787.2,40.7
KUTCH,1.3,4.7,361.3,21.5
RAJKOT,0.3,4.2,540.1,34.5
SURENDRANAGAR,0.2,5.1,499.8,29.5
PORBANDAR,1.4,3,672.7,39.5
DNH,0.7,7.4,2316.9,49.1
DAMAN,0.7,7.4,2316.9,49.1
DIU,1.4,1.5,646.7,47.7
MUMBAI CITY,2,19.4,2142.4,93.7
RAIGAD,0.4,22.2,3117.7,138.6
RATNAGIRI,0.1,35.3,3261.5,173.7
THANE,0.5,14.9,2428.3,98.4
SINDHUDURG,0.4,63.6,3021.8,183.4
MUMBAI SUB,2,19.4,2142.4,93.7
NORTH GOA,0.4,104,3154.9,212.1
SOUTH GOA,0.8,88.2,2806.9,189.7
AHMEDNAGAR,1.9,29.9,437.6,103.8
DHULE,3.5,15.1,523.5,65.1
JALGAON,5.7,13.2,641.8,70.2
KOLHAPUR,1.8,90.7,1737.6,162.7
NASHIK,1.7,20.8,912.2,94.9
PUNE,0.7,36.6,861,117.4
SANGLI,2.5,80.9,508.1,139.1
SATARA,1.4,53.5,723.8,133.8
SOLAPUR,4.2,42.4,474.2,125.7
NANDURBAR,1,11.1,828.4,50.2
AURANGABAD,4.1,23,594.2,94.9
BEED,4.5,30.5,569.4,104
NANDED,9.4,33.1,816.4,102.2
OSMANABAD,6,37.7,623.4,112.2
PARBHANI,8.7,29.8,757.2,101.3
LATUR,8,40.4,752.5,109.1
JALNA,5.2,24.7,606.4,93.4
HINGOLI,9.8,26.7,849.1,93.8
AKOLA,13.9,22.9,702.3,76.3
AMRAVATI,16.4,17.9,786.6,76.5
BHANDARA,29.1,39.3,1137.2,87.1
BULDHANA,7.6,17,646.6,75.7
CHANDRAPUR,20.3,37,1131.8,82.9
NAGPUR,24.6,36.6,923.9,83.3
YAVATMAL,13.2,30.6,855,84
WARDHA,20.4,37.5,880.3,88.8
GADCHIROLI,17.2,43.2,1303,86.4
WASHIM,14.7,20.7,825.6,79.9
GONDIA,26.4,33.8,1228.8,81.7
BASTAR,16.8,91.5,1154.2,100.1
BILASPUR,34.6,51,1067.8,75.6
DURG,12.1,28.6,1018,64.2
RAIGARH,23.8,41.3,1143.5,61.3
RAIPUR,15,38,1047,64.6
SURGUJA,33.8,36.6,1195.1,66.4
RAJNANDGAON,18.2,35.9,1076.6,78.6
DANTEWADA,3.4,41.1,1178.1,105.3
KANKER (NORH,19,52.8,1236.7,86.7
JANJGIR-CHAMP,25.2,32.5,1201.9,56.2
KORBA,32.6,40.4,1243.5,69
JASHPUR,40.8,63.3,1348.6,91.7
DHAMTARI,12.9,39.9,1050.6,65.2
MAHASAMUND,11.5,28.2,1044,57.6
KORIYA,23.1,19.9,1138.9,41.5
KOWARDHA (KAB,26.5,38.3,882.9,81.6
NARAYANPUR,15.6,61.9,1227.4,99.6
BIJAPUR,10.4,43.2,1369.1,105.5
EAST GODAVARI,16.1,109.4,703.9,276.6
WEST GODAVARI,16.8,83.5,783.9,276.2
GUNTUR,13.2,81.1,543,234.2
KRISHNA,10.9,72.4,701.4,242.4
NELLORE,27.3,72.6,352.4,639.3
PRAKASAM,16.7,77.7,382.5,329
SRIKAKULAM,26,107.4,745.7,286.1
VISAKHAPATNAM,19.6,158.9,674.4,267.8
VIZIANAGARAM,23.1,140.7,726.1,250.5
ADILABAD,14.5,41.5,958.9,105.1
HYDERABAD,13.3,68.8,643.5,125.7
KARIMNAGAR,16.4,50.5,800.3,112.6
KHAMMAM,11.6,87,860.4,135.9
MAHABUBNAGAR,4.7,56.3,559.7,110.4
MEDAK,11.4,56.3,743.9,110.7
NALGONDA,8.4,53,554.7,144.4
NIZAMABAD,12.3,45.6,920.1,113.9
WARANGAL,16.1,55.2,796.6,119
RANGAREDDY,7.1,63.1,653.7,117.9
ANANTAPUR,6.3,81.7,322.8,161.9
CHITTOOR,15.3,102.9,417.1,362.9
KUDDAPAH,4.3,69.6,404.1,238.9
KURNOOL,3.1,75.7,460.2,140.6
VELLORE,14.9,106.5,466.1,348.7
COIMBATORE,20.3,150.3,189.8,328.9
DHARMAPURI,18.2,160.4,393.4,330.1
KANYAKUMARI,40.4,288.3,477.4,496.4
CHENNAI,36.7,58.5,439.1,789.9
MADURAI,28.1,144.8,335.9,419.1
NILGIRIS,49.3,235.3,759.9,478.2
RAMANATHAPURA,51.3,115.5,149.3,491.7
SALEM,16,170.8,440.6,370.5
THANJAVUR,42.3,102.1,318.4,550.3
TIRUCHIRAPPAL,22.7,109.9,293.9,391.5
TIRUNELVELI,69.3,166.2,142.4,467.2
ERODE,16.1,142.4,229.8,314.6
PUDUKKOTTAI,33.1,97.5,350.6,406.2
DINDIGUL,30.9,168,295.4,436.4
VIRUDHUNAGAR,42.8,161.5,196.8,419
SIVAGANGA,27.9,121.2,301,422.7
THOOTHUKUDI,42.8,111.6,74.9,427
TIRUVANNAMALA,26.5,98.9,468.1,446.5
NAGAPATTINAM,85.7,80.5,286.1,941
VILUPPURAM,28.2,76,408.3,499.1
CUDDALORE,44.1,81.7,383.1,697.8
KANCHIPURAM,29.1,66,490.8,641.8
TIRUVALLUR,31.5,67.2,451.6,589.3
THENI,35.4,168.3,158.4,357.9
NAMAKKAL,13.9,148.6,339.3,291.6
KARUR,17.5,109.2,213.6,314.7
PERAMBALUR,21.4,108.9,290.7,440.9
TIRUVARUR,60.1,97.7,296.4,719.1
KRISHNAGIRI,10.7,151.6,399,289.4
ARIYALUR,32.5,101.8,392,545.5
TIRUPUR,14,135.1,154.8,314.3
PONDICHERRY,37.5,70.9,385,843.1
KARAIKAL,96.2,66.6,293.1,1048.5
MAHE,37.5,70.9,385,843.1
YANAM,37.5,70.9,385,843.1
UTTAR KANNADA,0.4,138.8,2720.9,210.4
DAKSHIN KANDA,2.6,227.1,3351.6,334.5
UDUPI,1.8,227.3,3759.7,317.2
BELGAM,1.6,111.2,574.1,152.3
BIDAR,12,63.2,694.9,120.6
BIJAPUR,5.1,71.8,436,143.5
DHARWAD,5.5,136,484,166.2
GULBARGA,7.2,62.3,620.5,130.6
YADGIR,8,62.5,610.8,153.2
RAICHUR,3.4,62.3,461.6,137.8
BAGALKOTE,3.3,85.3,363.3,145.1
GADAG,2.2,109.1,368.3,161.6
HAVERI,0.8,126.1,495.1,169.9
KOPPAL,1.6,72.2,382.6,141.9
BANGALORE RUR,7.5,136.9,451.9,240.7
BELLARY,2.8,87,376,157
CHIKMAGALUR,3.6,178.1,1657.3,238.5
CHITRADURGA,2.6,95.1,271,159
KODAGU,7.7,261,2181.9,290.8
HASSAN,3.8,168,574.3,221
KOLAR,7.2,112.6,382.7,228.6
MANDYA,5.5,158,285.1,214.1
MYSORE,6,194.7,343.6,214.3
SHIMOGA,0.9,122.6,1514,190.4
TUMKUR,5.4,128.2,359.2,205.7
BANGALORE URB,9,153.7,475.7,231.6
CHAMARAJANAGA,9.4,213.6,320.6,244.8
DAVANGERE,1.9,113.2,384.9,176.7
RAMNAGAR(BNGR),6.2,180.4,454,243.1
CHICKBALLAPUR,6.7,104.8,411.8,225.2
ALAPPUZHA,45.4,477.8,1745.9,572.1
CANNUR,4.5,300.5,2669,345.1
ERNAKULAM,32,443.6,2065,489.3
KOTTAYAM,37.9,460.2,1897.3,535.1
KOZHIKODE,6.2,352.6,2603.1,422.2
MALAPPURAM,5.6,320.8,2060.4,448.3
PALAKKAD,9.4,279.9,1572.7,428
KOLLAM,51.2,469.6,1332.3,638.6
THRISSUR,10.9,385.3,2197.5,469.4
THIRUVANANTHA,40.4,368.8,871.3,522.7
IDUKKI,35.5,426.6,2276.2,564.2
KASARGOD,3.3,272.9,3007.5,337.9
PATHANAMTHITTA,65,553.5,1715.7,624.2
WAYANAD,13.1,275.4,2632.1,332.5
LAKSHADWEEP,35.5,232.4,998.5,333.6
